{"cameraMode":{"drawMode":0,"name":"Shaded","section":"Shading Mode"},"sceneLighting":true,"audioPlay":false,"sceneViewState":{"showFog":true,"showMaterialUpdate":false,"showSkybox":true,"showFlares":true,"showImageEffects":true,"showParticleSystems":true},"in2DMode":false,"pivot":{"x":4.327676773071289,"y":3.740274429321289,"z":-0.372011661529541},"rotation":{"x":0.3163471817970276,"y":0.5740903615951538,"z":-0.25555384159088137,"w":0.7106596231460571},"size":15.045848846435547,"orthographic":false}