{"cameraMode":{"drawMode":0,"name":"Shaded","section":"Shading Mode"},"sceneLighting":false,"audioPlay":false,"sceneViewState":{"showFog":true,"showMaterialUpdate":false,"showSkybox":true,"showFlares":true,"showImageEffects":true,"showParticleSystems":true},"in2DMode":false,"pivot":{"x":-0.17000000178813935,"y":0.1886698454618454,"z":0.8984130620956421},"rotation":{"x":-0.02346360869705677,"y":0.9737914204597473,"z":-0.1926468312740326,"w":-0.11860419809818268},"size":3.436527729034424,"orthographic":false}