{"cameraMode":{"drawMode":0,"name":"Shaded","section":"Shading Mode"},"sceneLighting":true,"audioPlay":false,"sceneViewState":{"showFog":true,"showMaterialUpdate":false,"showSkybox":true,"showFlares":true,"showImageEffects":true,"showParticleSystems":true},"in2DMode":false,"pivot":{"x":2.2514610290527345,"y":-2.200631618499756,"z":-4.83674430847168},"rotation":{"x":0.013986734673380852,"y":0.9695857167243958,"z":-0.2375921905040741,"w":0.05707797408103943},"size":1.8391213417053223,"orthographic":false}