{"cameraMode":{"drawMode":0,"name":"Shaded","section":"Shading Mode"},"sceneLighting":false,"audioPlay":false,"sceneViewState":{"showFog":true,"showMaterialUpdate":false,"showSkybox":true,"showFlares":true,"showImageEffects":true,"showParticleSystems":true},"in2DMode":false,"pivot":{"x":-27.967376708984376,"y":-0.0000033993273973464967,"z":23.860382080078126},"rotation":{"x":0.004788354970514774,"y":0.9496545791625977,"z":-0.31292495131492617,"w":0.01453149039298296},"size":0.20825377106666566,"orthographic":false}