{"cameraMode":{"drawMode":0,"name":"Shaded","section":"Shading Mode"},"sceneLighting":false,"audioPlay":false,"sceneViewState":{"showFog":true,"showMaterialUpdate":false,"showSkybox":true,"showFlares":true,"showImageEffects":true,"showParticleSystems":true},"in2DMode":false,"pivot":{"x":30.07879638671875,"y":8.632601737976075,"z":-20.0},"rotation":{"x":0.006165151949971914,"y":0.9859083294868469,"z":-0.16296185553073884,"w":0.037285659462213519},"size":3273.626708984375,"orthographic":true}