{"cameraMode":{"drawMode":0,"name":"Shaded","section":"Shading Mode"},"sceneLighting":false,"audioPlay":false,"sceneViewState":{"showFog":true,"showMaterialUpdate":false,"showSkybox":true,"showFlares":true,"showImageEffects":true,"showParticleSystems":true},"in2DMode":false,"pivot":{"x":-1.5099999904632569,"y":0.5699999332427979,"z":12.300000190734864},"rotation":{"x":0.04946153238415718,"y":-0.026963528245687486,"z":0.0013355094706639648,"w":0.9984111785888672},"size":2.8578836917877199,"orthographic":true}