{"cameraMode":{"drawMode":0,"name":"Shaded","section":"Shading Mode"},"sceneLighting":true,"audioPlay":false,"sceneViewState":{"showFog":true,"showMaterialUpdate":false,"showSkybox":true,"showFlares":true,"showImageEffects":true,"showParticleSystems":true},"in2DMode":false,"pivot":{"x":784.025390625,"y":291.76953125,"z":30.71875},"rotation":{"x":0.04946153238415718,"y":-0.026963528245687486,"z":0.0013355094706639648,"w":0.9984111785888672},"size":194.6574249267578,"orthographic":true}