{"cameraMode":{"drawMode":0,"name":"Shaded","section":"Shading Mode"},"sceneLighting":true,"audioPlay":false,"sceneViewState":{"showFog":true,"showMaterialUpdate":false,"showSkybox":true,"showFlares":true,"showImageEffects":true,"showParticleSystems":true},"in2DMode":false,"pivot":{"x":485.41815185546877,"y":295.79998779296877,"z":0.0},"rotation":{"x":0.25801149010658266,"y":0.01594054140150547,"z":-0.004257876425981522,"w":0.9660009741783142},"size":491.96380615234377,"orthographic":true}