{"cameraMode":{"drawMode":0,"name":"Shaded","section":"Shading Mode"},"sceneLighting":true,"audioPlay":false,"sceneViewState":{"showFog":true,"showMaterialUpdate":false,"showSkybox":true,"showFlares":true,"showImageEffects":true,"showParticleSystems":true},"in2DMode":false,"pivot":{"x":-0.22600078582763673,"y":1.3096930980682374,"z":0.5718998908996582},"rotation":{"x":0.25801149010658266,"y":0.01594054140150547,"z":-0.004257876425981522,"w":0.9660009741783142},"size":6.955056190490723,"orthographic":true}