{"cameraMode":{"drawMode":0,"name":"Shaded","section":"Shading Mode"},"sceneLighting":false,"audioPlay":false,"sceneViewState":{"showFog":true,"showMaterialUpdate":false,"showSkybox":true,"showFlares":true,"showImageEffects":true,"showParticleSystems":true},"in2DMode":false,"pivot":{"x":0.008999999612569809,"y":0.4189999997615814,"z":0.8790000081062317},"rotation":{"x":-0.008688700385391713,"y":0.9908795952796936,"z":-0.07925061881542206,"w":-0.10863466560840607},"size":22.0,"orthographic":false}